レース数, 予想順位,実際の順位,単勝,複勝,2連単,2連複,拡連複,3連単,3連複
191214157,2-1-3,1-2-4,-100,10,-100,110,30,-100,-100
191213129,1-2-4,1-2-3,20,10,310,190,60,-100,-100
191214166,2-1-3,2-1-3,210,20,510,200,50,1550,260
191211133,1-2-3,3-1-2,-100,20,-100,-100,50,-100,60
191229183,1-2-3,5-1-2,-100,160,-100,-100,190,-100,-100
191211137,1-2-3,1-2-4,90,0,240,150,60,-100,-100
191213125,1-2-3,4-5-3,-100,-100,-100,-100,-100,-100,-100
191213127,1-2-3,4-6-1,-100,-100,-100,-100,-100,-100,-100
191212119,1-2-3,1-3-2,20,20,-100,-100,10,-100,210
191227140,2-1-3,2-1-3,440,250,2320,670,270,7390,1070
191228178,1-2-3,1-5-4,0,10,-100,-100,-100,-100,-100
191209132,1-2-3,5-1-4,-100,30,-100,-100,-100,-100,-100
191228177,1-2-3,2-1-5,-100,30,-100,560,150,-100,-100
191213130,1-2-3,1-2-6,50,0,170,120,50,-100,-100
191209129,1-2-3,1-5-3,60,0,-100,-100,-100,-100,-100
191229191,2-1-3,1-6-2,-100,-100,-100,-100,40,-100,-100
191201146,1-2-3,2-1-4,-100,20,-100,430,220,-100,-100
191211144,1-2-3,1-2-3,40,0,290,330,70,980,110
191231203,1-2-3,1-2-6,0,0,230,170,70,-100,-100
191227143,1-3-2,1-3-2,40,0,350,310,180,1040,230
191214167,1-3-2,1-4-2,10,0,-100,-100,-100,-100,-100
191228172,2-1-3,1-5-3,-100,-100,-100,-100,-100,-100,-100
191213124,2-1-3,6-3-5,-100,-100,-100,-100,-100,-100,-100
191228170,1-2-4,3-2-5,-100,-100,-100,-100,-100,-100,-100
191213121,3-2-1,4-2-3,-100,-100,-100,-100,100,-100,-100
191226160,2-3-1,2-4-3,230,180,-100,-100,60,-100,-100
191201156,1-2-3,1-5-6,20,20,-100,-100,-100,-100,-100
191214159,1-3-2,1-2-4,190,140,-100,-100,-100,-100,-100
191231198,1-2-4,2-4-3,-100,-100,-100,-100,-100,-100,-100
191214162,1-2-4,3-6-4,-100,-100,-100,-100,-100,-100,-100
191227137,1-2-3,1-3-5,0,20,-100,-100,-100,-100,-100
191210126,3-2-1,1-2-5,-100,-100,-100,-100,-100,-100,-100
191229185,1-2-3,1-3-4,0,0,-100,-100,-100,-100,-100
191231196,2-1-3,4-2-1,-100,190,-100,-100,50,-100,-100
191211138,1-2-3,4-3-2,-100,-100,-100,-100,-100,-100,-100
191201145,2-1-3,1-2-5,-100,30,-100,130,30,-100,-100
191230188,1-2-3,6-1-4,-100,10,-100,-100,-100,-100,-100
191210131,1-2-3,1-2-3,20,0,300,320,210,1270,510
191211142,1-2-3,1-3-6,30,0,-100,-100,-100,-100,-100
191209124,1-2-3,3-4-5,-100,-100,-100,-100,-100,-100,-100
191227141,1-2-5,6-1-3,-100,10,-100,-100,-100,-100,-100
191230186,1-3-2,5-1-6,-100,10,-100,-100,-100,-100,-100
191213126,1-2-3,1-2-3,70,0,340,190,110,2200,950
191227136,2-1-3,1-3-4,-100,-100,-100,-100,-100,-100,-100
191213123,2-1-3,2-1-4,560,30,550,180,30,-100,-100
191211139,2-1-3,1-4-2,-100,-100,-100,-100,60,-100,-100
191227133,1-3-2,1-2-5,360,40,-100,-100,-100,-100,-100
191230191,2-1-3,1-4-2,-100,-100,-100,-100,30,-100,-100
191201151,1-2-4,1-3-4,20,0,-100,-100,-100,-100,-100
191201150,2-1-3,1-3-4,-100,-100,-100,-100,-100,-100,-100
191230190,1-2-3,1-4-3,20,0,-100,-100,-100,-100,-100
191209131,1-2-3,1-5-2,0,10,-100,-100,40,-100,-100
191214165,2-1-5,2-3-6,130,80,-100,-100,-100,-100,-100
191209126,1-2-3,1-3-5,120,50,-100,-100,-100,-100,-100
191212115,1-2-4,1-2-5,160,0,280,120,40,-100,-100
191230182,2-1-3,4-1-3,-100,-100,-100,-100,-100,-100,-100
191214163,1-2-3,6-2-1,-100,-100,-100,-100,100,-100,-100
191213131,1-2-3,1-2-4,0,20,90,80,30,-100,-100
191213128,1-3-2,5-6-4,-100,-100,-100,-100,-100,-100,-100
191228176,1-2-3,1-2-5,40,0,200,70,20,-100,-100
191226161,1-3-2,1-4-3,10,0,-100,-100,80,-100,-100
191230189,1-4-2,1-4-2,60,30,270,90,70,660,150
191210129,1-2-3,2-1-6,-100,220,-100,810,170,-100,-100
191212117,1-2-3,1-4-6,100,80,-100,-100,-100,-100,-100
191209123,1-2-4,2-6-5,-100,-100,-100,-100,-100,-100,-100
191231200,1-2-4,1-2-4,100,0,260,80,10,800,270
191229182,1-2-3,2-3-1,-100,-100,-100,-100,280,-100,370
191226166,1-3-2,1-5-6,60,30,-100,-100,-100,-100,-100
191230181,1-2-3,5-4-2,-100,-100,-100,-100,-100,-100,-100
191230185,1-3-2,3-4-5,-100,-100,-100,-100,-100,-100,-100
191214160,1-2-3,3-2-6,-100,-100,-100,-100,-100,-100,-100
191214158,1-3-2,6-3-2,-100,-100,-100,-100,-100,-100,-100
191201149,1-2-3,1-4-3,30,0,-100,-100,-100,-100,-100
191209130,1-2-3,5-1-2,-100,60,-100,-100,0,-100,-100
191210132,1-2-3,2-1-4,-100,0,-100,680,380,-100,-100
191210124,1-2-3,6-3-1,-100,-100,-100,-100,-100,-100,-100
191210128,1-2-3,1-2-6,80,20,380,130,30,-100,-100
191231204,1-3-2,2-4-6,-100,-100,-100,-100,-100,-100,-100
191231197,2-1-3,1-2-3,-100,20,-100,350,50,-100,360
191227135,1-2-4,1-2-3,20,70,290,420,100,-100,-100
191229190,2-3-1,1-3-2,-100,-100,-100,-100,110,-100,230
191229184,2-1-3,3-4-2,-100,-100,-100,-100,-100,-100,-100
191228180,1-4-2,4-3-2,-100,-100,-100,-100,-100,-100,-100
191226165,1-3-5,5-1-4,-100,20,-100,-100,-100,-100,-100
191229186,1-2-4,2-6-5,-100,-100,-100,-100,-100,-100,-100
191212109,1-2-3,2-3-4,-100,-100,-100,-100,-100,-100,-100
191230187,1-3-2,5-4-1,-100,-100,-100,-100,-100,-100,-100
191227134,1-2-3,1-4-5,0,130,-100,-100,-100,-100,-100
191209128,1-3-4,4-1-5,-100,10,-100,-100,-100,-100,-100
191210125,1-2-3,5-1-6,-100,0,-100,-100,-100,-100,-100
191211143,1-2-5,1-3-4,20,0,-100,-100,-100,-100,-100
191209121,1-2-4,4-5-2,-100,-100,-100,-100,-100,-100,-100
191231194,1-3-2,1-2-6,100,30,-100,-100,-100,-100,-100
191230184,2-1-3,1-6-2,-100,-100,-100,-100,130,-100,-100
191214168,1-2-3,2-1-5,-100,10,-100,100,50,-100,-100
191210121,1-2-3,3-1-4,-100,50,-100,-100,-100,-100,-100
191212111,1-3-2,1-3-6,110,40,380,160,50,-100,-100
191231195,1-2-3,1-5-2,20,10,-100,-100,100,-100,-100
191212114,2-1-3,3-6-2,-100,-100,-100,-100,-100,-100,-100
191212118,1-2-3,1-2-5,20,40,190,50,20,-100,-100
191228179,1-2-3,5-4-2,-100,-100,-100,-100,-100,-100,-100
191211134,1-3-2,1-2-4,0,30,-100,-100,-100,-100,-100
191229187,1-2-3,5-3-4,-100,-100,-100,-100,-100,-100,-100
191229181,2-1-3,4-2-3,-100,10,-100,-100,-100,-100,-100
191212110,2-1-3,3-5-4,-100,-100,-100,-100,-100,-100,-100
191226162,2-1-3,1-4-5,-100,-100,-100,-100,-100,-100,-100
191228173,1-2-4,1-2-3,20,0,180,110,0,-100,-100
191210122,1-2-3,4-6-2,-100,-100,-100,-100,-100,-100,-100
191229189,2-1-3,2-1-3,170,40,1130,400,150,1960,260
191231201,1-3-2,4-3-5,-100,-100,-100,-100,-100,-100,-100
191201153,1-2-3,1-3-5,70,0,-100,-100,-100,-100,-100
191226158,1-2-3,4-2-5,-100,-100,-100,-100,-100,-100,-100
191231199,1-2-4,1-3-5,30,0,-100,-100,-100,-100,-100
191228169,1-2-3,4-5-3,-100,-100,-100,-100,-100,-100,-100
191226167,1-2-3,3-1-2,-100,0,-100,-100,20,-100,840
191229188,1-2-4,4-2-6,-100,-100,-100,-100,-100,-100,-100
191231193,1-2-4,2-4-6,-100,-100,-100,-100,-100,-100,-100
191227139,1-2-4,4-1-3,-100,180,-100,-100,-100,-100,-100
191209127,1-2-3,1-3-5,230,0,-100,-100,-100,-100,-100
191210127,1-2-3,6-2-3,-100,-100,-100,-100,-100,-100,-100
191201147,1-2-3,4-3-5,-100,-100,-100,-100,-100,-100,-100
191227142,2-1-3,5-6-3,-100,-100,-100,-100,-100,-100,-100
191231202,1-2-3,4-1-6,-100,20,-100,-100,-100,-100,-100
191210130,1-3-2,1-5-6,40,70,-100,-100,-100,-100,-100
191201154,1-2-3,1-5-3,30,40,-100,-100,-100,-100,-100
191226164,1-2-3,1-5-3,10,0,-100,-100,-100,-100,-100
191211140,1-2-3,2-1-6,-100,20,-100,180,50,-100,-100
191227144,1-2-4,3-4-1,-100,-100,-100,-100,-100,-100,-100
191214161,2-1-4,4-1-3,-100,-100,-100,-100,-100,-100,-100
191211136,2-1-3,2-3-6,450,0,-100,-100,-100,-100,-100
191212120,1-2-3,3-6-1,-100,-100,-100,-100,-100,-100,-100
191211141,1-2-4,2-1-6,-100,80,-100,100,50,-100,-100
191226168,1-2-3,3-1-2,-100,10,-100,-100,40,-100,420
191209125,1-2-3,1-3-2,0,0,-100,-100,30,-100,270
191201155,1-2-3,1-5-2,10,0,-100,-100,160,-100,-100
191209122,1-2-3,3-4-2,-100,-100,-100,-100,-100,-100,-100
191212112,2-1-3,2-3-6,30,10,-100,-100,-100,-100,-100
191226157,1-2-3,5-2-3,-100,-100,-100,-100,-100,-100,-100
191228171,1-3-2,4-6-2,-100,-100,-100,-100,-100,-100,-100
191214164,1-4-2,1-4-3,90,610,460,240,10,-100,-100
191226159,2-1-3,1-2-6,-100,110,-100,230,160,-100,-100
191212116,1-2-3,1-2-6,20,0,610,530,160,-100,-100
191213122,1-3-2,4-2-1,-100,-100,-100,-100,-100,-100,-100
191230192,1-2-5,1-2-3,20,0,120,90,40,-100,-100
191230183,2-1-3,1-2-3,-100,120,-100,180,140,-100,170
191226163,2-1-3,2-3-5,0,10,-100,-100,-100,-100,-100
191227138,1-2-3,4-6-3,-100,-100,-100,-100,-100,-100,-100
191228175,1-2-3,3-2-4,-100,-100,-100,-100,-100,-100,-100
191201148,1-2-4,4-6-5,-100,-100,-100,-100,-100,-100,-100
191201152,1-2-4,2-4-1,-100,-100,-100,-100,180,-100,790
191229192,1-3-4,3-1-4,-100,0,-100,370,50,-100,250
191228174,1-3-2,6-4-2,-100,-100,-100,-100,-100,-100,-100
191211135,2-1-3,3-2-4,-100,60,-100,-100,-100,-100,-100
191213132,1-3-2,1-2-3,20,0,-100,-100,10,-100,200
191212113,1-2-3,1-6-5,20,10,-100,-100,-100,-100,-100
総レース数, 単勝, 複勝, 2連単, 2連複, 拡連複, 3連単, 3連複, 合計
155,-4260,-2380,-2550,-2070,-4110,3250,-5420,-17540
